<?xml version="1.0" encoding="UTF-8"?>
<metadata xml:lang="en"><Esri><CreaDate>20220215</CreaDate><CreaTime>11232700</CreaTime><ArcGISFormat>1.0</ArcGISFormat><SyncOnce>TRUE</SyncOnce><DataProperties><lineage><Process ToolSource="c:\program files (x86)\arcgis\desktop10.4\ArcToolbox\Toolboxes\Data Management Tools.tbx\CalculateField" Date="20161117" Time="175541">CalculateField NewGDB\InterestPoints FeatureType "Trailhead Marker" VB #</Process><Process ToolSource="c:\program files (x86)\arcgis\desktop10.4\ArcToolbox\Toolboxes\Data Management Tools.tbx\CalculateField" Date="20161117" Time="181109">CalculateField NewGDB\InterestPoints FeatureName "[FeatureType]&amp;" "&amp; [MarkerID]" VB #</Process><Process ToolSource="c:\program files (x86)\arcgis\desktop10.4\ArcToolbox\Toolboxes\Data Management Tools.tbx\CalculateField" Date="20170505" Time="162535">CalculateField "InterestPoints tb" FeatureType "Parking" VB #</Process><Process ToolSource="c:\program files (x86)\arcgis\desktop10.4\ArcToolbox\Toolboxes\Data Management Tools.tbx\CalculateField" Date="20170505" Time="162610">CalculateField "InterestPoints tb" FeatureType "Roadside Parking" VB #</Process><Process ToolSource="c:\program files (x86)\arcgis\desktop10.4\ArcToolbox\Toolboxes\Data Management Tools.tbx\CalculateField" Date="20170505" Time="163557">CalculateField "InterestPoints tb" TrailNetwork "Monoosnoc Ridge" VB #</Process><Process ToolSource="c:\program files (x86)\arcgis\desktop10.4\ArcToolbox\Toolboxes\Data Management Tools.tbx\CalculateField" Date="20170505" Time="163712">CalculateField "InterestPoints tb" TrailNetwork "Monoosnoc Ridge" VB #</Process><Process ToolSource="c:\program files (x86)\arcgis\desktop10.7\ArcToolbox\Toolboxes\Data Management Tools.tbx\CalculateField" Date="20200410" Time="103033">CalculateField "Trail Intersection Markers" TrailNetwork "Barrett Park" VB #</Process><Process ToolSource="c:\program files (x86)\arcgis\desktop10.7\ArcToolbox\Toolboxes\Data Management Tools.tbx\CalculateField" Date="20200410" Time="103122">CalculateField "Trail Intersection Markers" FeatureName ""Trailhead Marker " &amp; [MarkerID]" VB #</Process></lineage></DataProperties></Esri></metadata>
