<?xml version="1.0" encoding="UTF-8"?>
<metadata xml:lang="en"><Esri><CreaDate>20220215</CreaDate><CreaTime>11234500</CreaTime><ArcGISFormat>1.0</ArcGISFormat><SyncOnce>TRUE</SyncOnce><DataProperties><lineage><Process ToolSource="c:\program files (x86)\arcgis\desktop10.4\ArcToolbox\Toolboxes\Data Management Tools.tbx\CalculateField" Date="20161117" Time="171557">CalculateField NewGDB\Parking ParkingType "Parking" VB #</Process><Process ToolSource="c:\program files (x86)\arcgis\desktop10.4\ArcToolbox\Toolboxes\Data Management Tools.tbx\CalculateField" Date="20161117" Time="171630">CalculateField NewGDB\Parking TrailHead_MarkerID "P" VB #</Process><Process ToolSource="c:\program files (x86)\arcgis\desktop10.4\ArcToolbox\Toolboxes\Data Management Tools.tbx\CalculateField" Date="20161117" Time="174530">CalculateField NewGDB\Parking TrailHead_MarkerID "P" VB #</Process><Process ToolSource="c:\program files (x86)\arcgis\desktop10.4\ArcToolbox\Toolboxes\Data Management Tools.tbx\CalculateField" Date="20161117" Time="174850">CalculateField NewGDB\Parking ParkingType "Off Street" VB #</Process><Process ToolSource="c:\program files (x86)\arcgis\desktop10.4\ArcToolbox\Toolboxes\Data Management Tools.tbx\CalculateField" Date="20161117" Time="174911">CalculateField NewGDB\Parking ParkingType "Off Street Parking" VB #</Process></lineage></DataProperties></Esri></metadata>
